player_firstName,player_lastName,player_name,player_id,team_fullName,team_conference_name,team_conference_abbr,team_conference_id,team_division_name,team_division_abbr,team_division_id,team_name,team_abbr,team_id,stats_gp,stats_possessions,stats_points,stats_ppp,stats_fgMade,stats_fgMiss,stats_fgAttempt,stats_fgPercent,stats_fgPercentEffective,stats_shot2Made,stats_shot2Miss,stats_shot2Attempt,stats_shot2Percent,stats_shot3Made,stats_shot3Miss,stats_shot3Attempt,stats_ftMade,stats_ftMiss,stats_ftAttempt,stats_plusOne,stats_shotFoul,stats_score,stats_turnover,SeasonID,SeasonLabel,QueryPlayType,stats_timePercent,stats_pppRank,stats_ftPercent
James,Johnson,James Johnson,615a2ab8e771e94fc0ad82c5,Brooklyn Nets,Eastern Conference,EC,54457dce300969b132fcfb48,Atlantic Division,AD,54457dd0300969b132fcfb9f,Brooklyn,BKN,54457dd3300969b132fcfe3d,64,5,2,0.4,1,2,3,0.3333333333333333,0.3333333333333333,1,2,3,0.3333333333333333,0,0,0,0,0,0,0,0,1,2,6120261cea4488c9fd5c57c5,,PostUp,,,
Kevin,Huerter,Kevin Huerter,5bb2ae87aeda71993907f691,Atlanta Hawks,Eastern Conference,EC,54457dce300969b132fcfb48,Southeast Division,SD,54457dd0300969b132fcfba1,Atlanta,ATL,54457dd3300969b132fcfe49,84,1,0,0.0,0,1,1,0.0,0.0,0,1,1,0.0,0,0,0,0,0,0,0,0,0,0,6120261cea4488c9fd5c57c5,,PostUp,,,
Greg,Monroe,Greg Monroe,61d903c7df8a6a3c1184fa20,Washington Wizards,Eastern Conference,EC,54457dce300969b132fcfb48,Southeast Division,SD,54457dd0300969b132fcfba1,Washington,WAS,54457dd3300969b132fcfe41,2,1,0,0.0,0,1,1,0.0,0.0,0,1,1,0.0,0,0,0,0,0,0,0,0,0,0,6120261cea4488c9fd5c57c5,,PostUp,,,
Bogdan,Bogdanovic,Bogdan Bogdanovic,5fd42b555fe05a0e9f82087b,Atlanta Hawks,Eastern Conference,EC,54457dce300969b132fcfb48,Southeast Division,SD,54457dd0300969b132fcfba1,Atlanta,ATL,54457dd3300969b132fcfe49,72,10,7,0.7,3,6,9,0.3333333333333333,0.3333333333333333,3,6,9,0.3333333333333333,0,0,0,1,1,2,0,1,4,0,6120261cea4488c9fd5c57c5,,PostUp,0.009689922480620155,158,0.5
DeMar,DeRozan,DeMar DeRozan,615d0923e771e94fc00a6bcb,Chicago Bulls,Eastern Conference,EC,54457dce300969b132fcfb48,Central Division,CD,54457dd0300969b132fcfba0,Chicago,CHI,54457dd3300969b132fcfe4b,85,133,144,1.0827067669172932,50,53,103,0.4854368932038835,0.4854368932038835,50,53,103,0.4854368932038835,0,0,0,44,3,47,7,27,70,10,6120261cea4488c9fd5c57c5,,PostUp,0.0617169373549884,31,0.9361702127659575
Day'Ron,Sharpe,Day'Ron Sharpe,615a2ab8e771e94fc0ad82db,Brooklyn Nets,Eastern Conference,EC,54457dce300969b132fcfb48,Atlantic Division,AD,54457dd0300969b132fcfb9f,Brooklyn,BKN,54457dd3300969b132fcfe3d,35,18,22,1.2222222222222223,8,3,11,0.7272727272727273,0.7272727272727273,8,3,11,0.7272727272727273,0,0,0,6,0,6,0,3,11,4,6120261cea4488c9fd5c57c5,,PostUp,0.08571428571428572,13,1.0
Svi,Mykhailiuk,Svi Mykhailiuk,615ba9bde771e94fc0bc4785,Toronto Raptors,Eastern Conference,EC,54457dce300969b132fcfb48,Atlantic Division,AD,54457dd0300969b132fcfb9f,Toronto,TOR,54457dd3300969b132fcfe50,64,1,0,0.0,0,1,1,0.0,0.0,0,1,1,0.0,0,0,0,0,0,0,0,0,0,0,6120261cea4488c9fd5c57c5,,PostUp,,,
Brook,Lopez,Brook Lopez,5bb553e3aeda719939fe7df7,Milwaukee Bucks,Eastern Conference,EC,54457dce300969b132fcfb48,Central Division,CD,54457dd0300969b132fcfba0,Milwaukee,MIL,54457dd3300969b132fcfe4f,29,38,26,0.6842105263157895,11,21,32,0.34375,0.34375,11,21,32,0.34375,0,0,0,4,0,4,2,3,12,5,6120261cea4488c9fd5c57c5,,PostUp,0.11987381703470032,159,1.0
Fred,VanVleet,Fred VanVleet,57ac20c4576202139867d80e,Toronto Raptors,Eastern Conference,EC,54457dce300969b132fcfb48,Atlantic Division,AD,54457dd0300969b132fcfb9f,Toronto,TOR,54457dd3300969b132fcfe50,73,1,0,0.0,0,1,1,0.0,0.0,0,1,1,0.0,0,0,0,0,0,0,0,0,0,0,6120261cea4488c9fd5c57c5,,PostUp,,,
Udonis,Haslem,Udonis Haslem,544580cc300969b132fd452d,Miami Heat,Eastern Conference,EC,54457dce300969b132fcfb48,Southeast Division,SD,54457dd0300969b132fcfba1,Miami,MIA,54457dd3300969b132fcfe3c,14,2,2,1.0,1,1,2,0.5,0.5,1,1,2,0.5,0,0,0,0,0,0,0,0,1,0,6120261cea4488c9fd5c57c5,,PostUp,,,
Killian,Hayes,Killian Hayes,5fd42b7d5fe05a0e9f828cb3,Detroit Pistons,Eastern Conference,EC,54457dce300969b132fcfb48,Central Division,CD,54457dd0300969b132fcfba0,Detroit,DET,54457dd3300969b132fcfe4d,67,1,0,0.0,0,1,1,0.0,0.0,0,1,1,0.0,0,0,0,0,0,0,0,0,0,0,6120261cea4488c9fd5c57c5,,PostUp,,,
Semi,Ojeleye,Semi Ojeleye,615d0caee771e94fc01cac2d,Milwaukee Bucks,Eastern Conference,EC,54457dce300969b132fcfb48,Central Division,CD,54457dd0300969b132fcfba0,Milwaukee,MIL,54457dd3300969b132fcfe4f,20,1,0,0.0,0,1,1,0.0,0.0,0,1,1,0.0,0,0,0,0,0,0,0,0,0,0,6120261cea4488c9fd5c57c5,,PostUp,,,
Romeo,Langford,Romeo Langford,5d9a87a67455336e87b9df94,Boston Celtics,Eastern Conference,EC,54457dce300969b132fcfb48,Atlantic Division,AD,54457dd0300969b132fcfb9f,Boston,BOS,54457dd3300969b132fcfe3b,48,1,3,3.0,1,0,1,1.0,1.0,1,0,1,1.0,0,0,0,1,0,1,1,1,1,0,6120261cea4488c9fd5c57c5,,PostUp,,,1.0
Daniel,Gafford,Daniel Gafford,605fe6b25fe05a0e9fe5d388,Washington Wizards,Eastern Conference,EC,54457dce300969b132fcfb48,Southeast Division,SD,54457dd0300969b132fcfba1,Washington,WAS,54457dd3300969b132fcfe41,76,30,34,1.1333333333333333,14,8,22,0.6363636363636364,0.6363636363636364,14,8,22,0.6363636363636364,0,0,0,6,5,11,3,6,17,4,6120261cea4488c9fd5c57c5,,PostUp,0.05226480836236934,22,0.5454545454545454
Miles,McBride,Miles McBride,615d00e0e771e94fc0d2929c,New York Knicks,Eastern Conference,EC,54457dce300969b132fcfb48,Atlantic Division,AD,54457dd0300969b132fcfb9f,NewYork,NYK,54457dd3300969b132fcfe3e,43,1,0,0.0,0,1,1,0.0,0.0,0,1,1,0.0,0,0,0,0,0,0,0,0,0,0,6120261cea4488c9fd5c57c5,,PostUp,,,
Patrick,Williams,Patrick Williams,5fd438995fe05a0e9facb1bf,Chicago Bulls,Eastern Conference,EC,54457dce300969b132fcfb48,Central Division,CD,54457dd0300969b132fcfba0,Chicago,CHI,54457dd3300969b132fcfe4b,23,3,4,1.3333333333333333,1,1,2,0.5,0.5,1,1,2,0.5,0,0,0,2,0,2,0,0,2,0,6120261cea4488c9fd5c57c5,,PostUp,,,1.0
D.J.,Wilson,D.J. Wilson,61c9129edf8a6a3c11ab093b,Toronto Raptors,Eastern Conference,EC,54457dce300969b132fcfb48,Atlantic Division,AD,54457dd0300969b132fcfb9f,Toronto,TOR,54457dd3300969b132fcfe50,4,2,4,2.0,2,0,2,1.0,1.0,2,0,2,1.0,0,0,0,0,0,0,0,0,2,0,6120261cea4488c9fd5c57c5,,PostUp,,,
Tacko,Fall,Tacko Fall,615d0923e771e94fc00a6b99,Cleveland Cavaliers,Eastern Conference,EC,54457dce300969b132fcfb48,Central Division,CD,54457dd0300969b132fcfba0,Cleveland,CLE,54457dd3300969b132fcfe4c,14,10,8,0.8,3,4,7,0.42857142857142855,0.42857142857142855,3,4,7,0.42857142857142855,0,0,0,2,3,5,1,2,4,1,6120261cea4488c9fd5c57c5,,PostUp,0.3125,138,0.4
Jalen,Suggs,Jalen Suggs,615baa58e771e94fc0c6c47d,Orlando Magic,Eastern Conference,EC,54457dce300969b132fcfb48,Southeast Division,SD,54457dd0300969b132fcfba1,Orlando,ORL,54457dd3300969b132fcfe3f,51,15,12,0.8,4,5,9,0.4444444444444444,0.4444444444444444,4,5,9,0.4444444444444444,0,0,0,4,2,6,0,3,6,3,6120261cea4488c9fd5c57c5,,PostUp,0.018891687657430732,138,0.6666666666666666
Giannis,Antetokounmpo,Giannis Antetokounmpo,544580de300969b132fd50af,Milwaukee Bucks,Eastern Conference,EC,54457dce300969b132fcfb48,Central Division,CD,54457dd0300969b132fcfba0,Milwaukee,MIL,54457dd3300969b132fcfe4f,82,277,278,1.0036101083032491,105,86,191,0.5497382198952879,0.5497382198952879,105,86,191,0.5497382198952879,0,0,0,68,27,95,9,46,143,43,6120261cea4488c9fd5c57c5,,PostUp,0.12333036509349955,53,0.7157894736842105
Zach,Lavine,Zach Lavine,59af0afe17120e9c9a994dc6,Chicago Bulls,Eastern Conference,EC,54457dce300969b132fcfb48,Central Division,CD,54457dd0300969b132fcfba0,Chicago,CHI,54457dd3300969b132fcfe4b,75,42,34,0.8095238095238095,15,22,37,0.40540540540540543,0.40540540540540543,15,22,37,0.40540540540540543,0,0,0,4,1,5,1,3,17,3,6120261cea4488c9fd5c57c5,,PostUp,0.025119617224880382,134,0.8
Kelly,Olynyk,Kelly Olynyk,615e4bcfe771e94fc0e9eb03,Detroit Pistons,Eastern Conference,EC,54457dce300969b132fcfb48,Central Division,CD,54457dd0300969b132fcfba0,Detroit,DET,54457dd3300969b132fcfe4d,44,44,46,1.0454545454545454,16,11,27,0.5925925925925926,0.5925925925925926,16,11,27,0.5925925925925926,0,0,0,14,6,20,2,9,25,8,6120261cea4488c9fd5c57c5,,PostUp,0.10185185185185185,44,0.7
Jordan,Nwora,Jordan Nwora,5fd589be5fe05a0e9f893fa2,Milwaukee Bucks,Eastern Conference,EC,54457dce300969b132fcfb48,Central Division,CD,54457dd0300969b132fcfba0,Milwaukee,MIL,54457dd3300969b132fcfe4f,75,7,2,0.2857142857142857,0,6,6,0.0,0.0,0,6,6,0.0,0,0,0,2,0,2,0,1,1,0,6120261cea4488c9fd5c57c5,,PostUp,,,1.0
Jrue,Holiday,Jrue Holiday,5fd589be5fe05a0e9f893f97,Milwaukee Bucks,Eastern Conference,EC,54457dce300969b132fcfb48,Central Division,CD,54457dd0300969b132fcfba0,Milwaukee,MIL,54457dd3300969b132fcfe4f,82,107,101,0.9439252336448598,42,36,78,0.5384615384615384,0.5384615384615384,42,36,78,0.5384615384615384,0,0,0,17,4,21,1,11,51,19,6120261cea4488c9fd5c57c5,,PostUp,0.06979778212654925,76,0.8095238095238095
Bruno,Fernando,Bruno Fernando,615baa6de771e94fc0c847f2,Boston Celtics,Eastern Conference,EC,54457dce300969b132fcfb48,Atlantic Division,AD,54457dd0300969b132fcfb9f,Boston,BOS,54457dd3300969b132fcfe3b,23,2,2,1.0,1,1,2,0.5,0.5,1,1,2,0.5,0,0,0,0,0,0,0,0,1,0,6120261cea4488c9fd5c57c5,,PostUp,,,
Isaac,Okoro,Isaac Okoro,5fd57d3a5fe05a0e9f5ac60b,Cleveland Cavaliers,Eastern Conference,EC,54457dce300969b132fcfb48,Central Division,CD,54457dd0300969b132fcfba0,Cleveland,CLE,54457dd3300969b132fcfe4c,74,1,0,0.0,0,0,0,,,0,0,0,,0,0,0,0,0,0,0,0,0,1,6120261cea4488c9fd5c57c5,,PostUp,,,
Aaron,Holiday,Aaron Holiday,615d0e4fe771e94fc0255abc,Washington Wizards,Eastern Conference,EC,54457dce300969b132fcfb48,Southeast Division,SD,54457dd0300969b132fcfba1,Washington,WAS,54457dd3300969b132fcfe41,45,1,2,2.0,1,0,1,1.0,1.0,1,0,1,1.0,0,0,0,0,0,0,0,0,1,0,6120261cea4488c9fd5c57c5,,PostUp,,,
Isaiah,Todd,Isaiah Todd,615d0e4fe771e94fc0255aab,Washington Wizards,Eastern Conference,EC,54457dce300969b132fcfb48,Southeast Division,SD,54457dd0300969b132fcfba1,Washington,WAS,54457dd3300969b132fcfe41,15,1,0,0.0,0,1,1,0.0,0.0,0,1,1,0.0,0,0,0,0,0,0,0,0,0,0,6120261cea4488c9fd5c57c5,,PostUp,,,
Alex,Caruso,Alex Caruso,615d0923e771e94fc00a6bbf,Chicago Bulls,Eastern Conference,EC,54457dce300969b132fcfb48,Central Division,CD,54457dd0300969b132fcfba0,Chicago,CHI,54457dd3300969b132fcfe4b,49,1,2,2.0,1,0,1,1.0,1.0,1,0,1,1.0,0,0,0,0,0,0,0,0,1,0,6120261cea4488c9fd5c57c5,,PostUp,,,
Omer,Yurtseven,Omer Yurtseven,60b05108569beabf90f950fc,Miami Heat,Eastern Conference,EC,54457dce300969b132fcfb48,Southeast Division,SD,54457dd0300969b132fcfba1,Miami,MIA,54457dd3300969b132fcfe3c,70,45,37,0.8222222222222222,17,22,39,0.4358974358974359,0.4358974358974359,17,22,39,0.4358974358974359,0,0,0,3,5,8,2,4,20,3,6120261cea4488c9fd5c57c5,,PostUp,0.12096774193548387,127,0.375
Anthony,Gill,Anthony Gill,5fd6bffd5fe05a0e9f57ebd4,Washington Wizards,Eastern Conference,EC,54457dce300969b132fcfb48,Southeast Division,SD,54457dd0300969b132fcfba1,Washington,WAS,54457dd3300969b132fcfe41,47,5,8,1.6,2,0,2,1.0,1.0,2,0,2,1.0,0,0,0,4,2,6,0,3,5,0,6120261cea4488c9fd5c57c5,,PostUp,,,0.6666666666666666
Luke,Kornet,Luke Kornet,61c3f077df8a6a3c11db6a18,Cleveland Cavaliers,Eastern Conference,EC,54457dce300969b132fcfb48,Central Division,CD,54457dd0300969b132fcfba0,Cleveland,CLE,54457dd3300969b132fcfe4c,2,1,0,0.0,0,1,1,0.0,0.0,0,1,1,0.0,0,0,0,0,0,0,0,0,0,0,6120261cea4488c9fd5c57c5,,PostUp,,,
Jalen,McDaniels,Jalen McDaniels,5da130fa7455336e87c212c3,Charlotte Hornets,Eastern Conference,EC,54457dce300969b132fcfb48,Southeast Division,SD,54457dd0300969b132fcfba1,Charlotte,CHA,54457dd3300969b132fcfe58,60,3,0,0.0,0,3,3,0.0,0.0,0,3,3,0.0,0,0,0,0,0,0,0,0,0,0,6120261cea4488c9fd5c57c5,,PostUp,,,
Thanasis,Antetokounmpo,Thanasis Antetokounmpo,5d9bf9d27455336e876fcf16,Milwaukee Bucks,Eastern Conference,EC,54457dce300969b132fcfb48,Central Division,CD,54457dd0300969b132fcfba0,Milwaukee,MIL,54457dd3300969b132fcfe4f,61,13,11,0.8461538461538461,4,6,10,0.4,0.4,4,6,10,0.4,0,0,0,3,1,4,0,2,6,1,6120261cea4488c9fd5c57c5,,PostUp,0.06190476190476191,122,0.75
Micah,Potter,Micah Potter,61cd191ddf8a6a3c11f91df4,Detroit Pistons,Eastern Conference,EC,54457dce300969b132fcfb48,Central Division,CD,54457dd0300969b132fcfba0,Detroit,DET,54457dd3300969b132fcfe4d,3,1,2,2.0,1,0,1,1.0,1.0,1,0,1,1.0,0,0,0,0,0,0,0,0,1,0,6120261cea4488c9fd5c57c5,,PostUp,,,
Javin,DeLaurier,Javin DeLaurier,615d0caee771e94fc01cac21,Milwaukee Bucks,Eastern Conference,EC,54457dce300969b132fcfb48,Central Division,CD,54457dd0300969b132fcfba0,Milwaukee,MIL,54457dd3300969b132fcfe4f,5,1,0,0.0,0,1,1,0.0,0.0,0,1,1,0.0,0,0,0,0,0,0,0,0,0,0,6120261cea4488c9fd5c57c5,,PostUp,,,
Javonte,Smart,Javonte Smart,61ac3648d7ea140d4ab2ba06,Milwaukee Bucks,Eastern Conference,EC,54457dce300969b132fcfb48,Central Division,CD,54457dd0300969b132fcfba0,Milwaukee,MIL,54457dd3300969b132fcfe4f,13,1,0,0.0,0,1,1,0.0,0.0,0,1,1,0.0,0,0,0,0,0,0,0,0,0,0,6120261cea4488c9fd5c57c5,,PostUp,,,
Goran,Dragic,Goran Dragic,615ba9bde771e94fc0bc4779,Toronto Raptors,Eastern Conference,EC,54457dce300969b132fcfb48,Atlantic Division,AD,54457dd0300969b132fcfb9f,Toronto,TOR,54457dd3300969b132fcfe50,9,1,0,0.0,0,1,1,0.0,0.0,0,1,1,0.0,0,0,0,0,0,0,0,0,0,0,6120261cea4488c9fd5c57c5,,PostUp,,,
Chris,Silva,Chris Silva,5d9d3cc97455336e87fb9d63,Miami Heat,Eastern Conference,EC,54457dce300969b132fcfb48,Southeast Division,SD,54457dd0300969b132fcfba1,Miami,MIA,54457dd3300969b132fcfe3c,9,2,2,1.0,1,0,1,1.0,1.0,1,0,1,1.0,0,0,0,0,0,0,0,0,1,1,6120261cea4488c9fd5c57c5,,PostUp,,,
Tomas,Satoransky,Tomas Satoransky,544580d2300969b132fd4898,Washington Wizards,Eastern Conference,EC,54457dce300969b132fcfb48,Southeast Division,SD,54457dd0300969b132fcfba1,Washington,WAS,54457dd3300969b132fcfe41,22,2,4,2.0,2,0,2,1.0,1.0,2,0,2,1.0,0,0,0,0,0,0,0,0,2,0,6120261cea4488c9fd5c57c5,,PostUp,,,
P.J.,Washington,P.J. Washington,5d9a87a67455336e87b9df84,Charlotte Hornets,Eastern Conference,EC,54457dce300969b132fcfb48,Southeast Division,SD,54457dd0300969b132fcfba1,Charlotte,CHA,54457dd3300969b132fcfe58,70,24,18,0.75,9,9,18,0.5,0.5,9,9,18,0.5,0,0,0,0,2,2,0,1,9,5,6120261cea4488c9fd5c57c5,,PostUp,0.034532374100719423,149,0.0
Braxton,Key,Braxton Key,623e743a27fee22f444c4b59,Detroit Pistons,Eastern Conference,EC,54457dce300969b132fcfb48,Central Division,CD,54457dd0300969b132fcfba0,Detroit,DET,54457dd3300969b132fcfe4d,9,4,4,1.0,2,2,4,0.5,0.5,2,2,4,0.5,0,0,0,0,0,0,0,0,2,0,6120261cea4488c9fd5c57c5,,PostUp,,,
Luke,Kornet,Luke Kornet,61d8fe2cdf8a6a3c1170a331,Milwaukee Bucks,Eastern Conference,EC,54457dce300969b132fcfb48,Central Division,CD,54457dd0300969b132fcfba0,Milwaukee,MIL,54457dd3300969b132fcfe4f,1,1,0,0.0,0,1,1,0.0,0.0,0,1,1,0.0,0,0,0,0,0,0,0,0,0,0,6120261cea4488c9fd5c57c5,,PostUp,,,
Enes,Kanter,Enes Kanter,5d9a87a67455336e87b9df91,Boston Celtics,Eastern Conference,EC,54457dce300969b132fcfb48,Atlantic Division,AD,54457dd0300969b132fcfb9f,Boston,BOS,54457dd3300969b132fcfe3b,39,27,29,1.0740740740740742,10,8,18,0.5555555555555556,0.5555555555555556,10,8,18,0.5555555555555556,0,0,0,9,0,9,1,4,14,5,6120261cea4488c9fd5c57c5,,PostUp,0.18120805369127516,33,1.0
Tyler,Cook,Tyler Cook,615d0923e771e94fc00a6bc4,Chicago Bulls,Eastern Conference,EC,54457dce300969b132fcfb48,Central Division,CD,54457dd0300969b132fcfba0,Chicago,CHI,54457dd3300969b132fcfe4b,22,6,6,1.0,3,3,6,0.5,0.5,3,3,6,0.5,0,0,0,0,0,0,0,0,3,0,6120261cea4488c9fd5c57c5,,PostUp,,,
Al,Horford,Al Horford,615baa6de771e94fc0c8482e,Boston Celtics,Eastern Conference,EC,54457dce300969b132fcfb48,Atlantic Division,AD,54457dd0300969b132fcfb9f,Boston,BOS,54457dd3300969b132fcfe3b,94,114,109,0.956140350877193,44,49,93,0.4731182795698925,0.4731182795698925,44,49,93,0.4731182795698925,0,0,0,21,5,26,4,11,55,10,6120261cea4488c9fd5c57c5,,PostUp,0.12284482758620689,71,0.8076923076923077
Saddiq,Bey,Saddiq Bey,5fd42b7d5fe05a0e9f828cab,Detroit Pistons,Eastern Conference,EC,54457dce300969b132fcfb48,Central Division,CD,54457dd0300969b132fcfba0,Detroit,DET,54457dd3300969b132fcfe4d,84,75,59,0.7866666666666666,24,39,63,0.38095238095238093,0.38095238095238093,24,39,63,0.38095238095238093,0,0,0,11,3,14,2,6,30,6,6120261cea4488c9fd5c57c5,,PostUp,0.05506607929515418,143,0.7857142857142857
Hamidou,Diallo,Hamidou Diallo,604d73a85fe05a0e9f307ffc,Detroit Pistons,Eastern Conference,EC,54457dce300969b132fcfb48,Central Division,CD,54457dd0300969b132fcfba0,Detroit,DET,54457dd3300969b132fcfe4d,62,6,4,0.6666666666666666,1,1,2,0.5,0.5,1,1,2,0.5,0,0,0,2,2,4,0,2,2,2,6120261cea4488c9fd5c57c5,,PostUp,,,0.5
Montrezl,Harrell,Montrezl Harrell,62071ad507c7bd5c29bd1b9e,Charlotte Hornets,Eastern Conference,EC,54457dce300969b132fcfb48,Southeast Division,SD,54457dd0300969b132fcfba1,Charlotte,CHA,54457dd3300969b132fcfe58,26,41,39,0.9512195121951219,15,16,31,0.4838709677419355,0.4838709677419355,15,16,31,0.4838709677419355,0,0,0,9,3,12,2,7,20,5,6120261cea4488c9fd5c57c5,,PostUp,0.1722689075630252,74,0.75
Jerami,Grant,Jerami Grant,5fd42b7d5fe05a0e9f828cae,Detroit Pistons,Eastern Conference,EC,54457dce300969b132fcfb48,Central Division,CD,54457dd0300969b132fcfba0,Detroit,DET,54457dd3300969b132fcfe4d,51,63,62,0.9841269841269841,17,20,37,0.4594594594594595,0.4594594594594595,17,20,37,0.4594594594594595,0,0,0,28,4,32,2,15,32,11,6120261cea4488c9fd5c57c5,,PostUp,0.06542056074766354,63,0.875
Khem,Birch,Khem Birch,6073b53be6c2413bc405708a,Toronto Raptors,Eastern Conference,EC,54457dce300969b132fcfb48,Atlantic Division,AD,54457dd0300969b132fcfb9f,Toronto,TOR,54457dd3300969b132fcfe50,63,7,5,0.7142857142857143,2,3,5,0.4,0.4,2,3,5,0.4,0,0,0,1,1,2,0,1,3,1,6120261cea4488c9fd5c57c5,,PostUp,,,0.5
Trevon,Scott,Trevon Scott,61c3f077df8a6a3c11db6a1a,Cleveland Cavaliers,Eastern Conference,EC,54457dce300969b132fcfb48,Central Division,CD,54457dd0300969b132fcfba0,Cleveland,CLE,54457dd3300969b132fcfe4c,2,1,2,2.0,1,0,1,1.0,1.0,1,0,1,1.0,0,0,0,0,0,0,0,0,1,0,6120261cea4488c9fd5c57c5,,PostUp,,,
Sandro,Mamukelashvili,Sandro Mamukelashvili,615d0caee771e94fc01cac29,Milwaukee Bucks,Eastern Conference,EC,54457dce300969b132fcfb48,Central Division,CD,54457dd0300969b132fcfba0,Milwaukee,MIL,54457dd3300969b132fcfe4f,46,10,10,1.0,4,4,8,0.5,0.5,4,4,8,0.5,0,0,0,2,1,3,1,2,5,1,6120261cea4488c9fd5c57c5,,PostUp,0.05263157894736842,54,0.6666666666666666
Javonte,Green,Javonte Green,605fef725fe05a0e9f446957,Chicago Bulls,Eastern Conference,EC,54457dce300969b132fcfb48,Central Division,CD,54457dd0300969b132fcfba0,Chicago,CHI,54457dd3300969b132fcfe4b,74,1,2,2.0,0,0,0,,,0,0,0,,0,0,0,2,0,2,0,1,1,0,6120261cea4488c9fd5c57c5,,PostUp,,,1.0
Pascal,Siakam,Pascal Siakam,5776bc735762021398fe3f48,Toronto Raptors,Eastern Conference,EC,54457dce300969b132fcfb48,Atlantic Division,AD,54457dd0300969b132fcfb9f,Toronto,TOR,54457dd3300969b132fcfe50,74,136,124,0.9117647058823529,52,50,102,0.5098039215686274,0.5098039215686274,52,50,102,0.5098039215686274,0,0,0,20,15,35,7,20,65,20,6120261cea4488c9fd5c57c5,,PostUp,0.08023598820058997,95,0.5714285714285714
Kelly,Oubre Jr.,Kelly Oubre Jr.,615dd267e771e94fc0302649,Charlotte Hornets,Eastern Conference,EC,54457dce300969b132fcfb48,Southeast Division,SD,54457dd0300969b132fcfba1,Charlotte,CHA,54457dd3300969b132fcfe58,78,2,2,1.0,1,1,2,0.5,0.5,1,1,2,0.5,0,0,0,0,0,0,0,0,1,0,6120261cea4488c9fd5c57c5,,PostUp,,,
Taj,Gibson,Taj Gibson,5d9be6e17455336e875c33d0,New York Knicks,Eastern Conference,EC,54457dce300969b132fcfb48,Atlantic Division,AD,54457dd0300969b132fcfb9f,NewYork,NYK,54457dd3300969b132fcfe3e,56,14,19,1.3571428571428572,7,2,9,0.7777777777777778,0.7777777777777778,7,2,9,0.7777777777777778,0,0,0,5,1,6,0,3,10,2,6120261cea4488c9fd5c57c5,,PostUp,0.05555555555555555,4,0.8333333333333334
Myles,Turner,Myles Turner,55a494fe1e31501db44135d1,Indiana Pacers,Eastern Conference,EC,54457dce300969b132fcfb48,Central Division,CD,54457dd0300969b132fcfba0,Indiana,IND,54457dd3300969b132fcfe4e,46,62,72,1.1612903225806452,27,21,48,0.5625,0.5625,27,21,48,0.5625,0,0,0,18,8,26,4,12,36,3,6120261cea4488c9fd5c57c5,,PostUp,0.11588785046728972,16,0.6923076923076923
Isaiah,Jackson,Isaiah Jackson,615d00e0e771e94fc0d2927b,Indiana Pacers,Eastern Conference,EC,54457dce300969b132fcfb48,Central Division,CD,54457dd0300969b132fcfba0,Indiana,IND,54457dd3300969b132fcfe4e,40,18,11,0.6111111111111112,3,7,10,0.3,0.3,3,7,10,0.3,0,0,0,5,5,10,0,4,8,3,6120261cea4488c9fd5c57c5,,PostUp,0.05806451612903226,164,0.5
Gordon,Hayward,Gordon Hayward,5fd582355fe05a0e9f6d194d,Charlotte Hornets,Eastern Conference,EC,54457dce300969b132fcfb48,Southeast Division,SD,54457dd0300969b132fcfba1,Charlotte,CHA,54457dd3300969b132fcfe58,50,50,48,0.96,13,23,36,0.3611111111111111,0.3611111111111111,13,23,36,0.3611111111111111,0,0,0,22,2,24,2,6,24,3,6120261cea4488c9fd5c57c5,,PostUp,0.06501950585175553,70,0.9166666666666666
Deni,Avdija,Deni Avdija,5fd6bffd5fe05a0e9f57ebc7,Washington Wizards,Eastern Conference,EC,54457dce300969b132fcfb48,Southeast Division,SD,54457dd0300969b132fcfba1,Washington,WAS,54457dd3300969b132fcfe41,85,20,25,1.25,8,7,15,0.5333333333333333,0.5333333333333333,8,7,15,0.5333333333333333,0,0,0,9,2,11,3,4,12,1,6120261cea4488c9fd5c57c5,,PostUp,0.026917900403768506,11,0.8181818181818182
DeAndre,Jordan,DeAndre Jordan,6226c14c25a5348885c778d6,Philadelphia 76ers,Eastern Conference,EC,54457dce300969b132fcfb48,Atlantic Division,AD,54457dd0300969b132fcfb9f,Philadelphia,PHI,54457dd3300969b132fcfe40,18,4,2,0.5,1,2,3,0.3333333333333333,0.3333333333333333,1,2,3,0.3333333333333333,0,0,0,0,2,2,0,0,1,0,6120261cea4488c9fd5c57c5,,PostUp,,,0.0
Kevin,Durant,Kevin Durant,5d97fb317455336e872883e9,Brooklyn Nets,Eastern Conference,EC,54457dce300969b132fcfb48,Atlantic Division,AD,54457dd0300969b132fcfb9f,Brooklyn,BKN,54457dd3300969b132fcfe3d,63,155,172,1.1096774193548387,63,49,112,0.5625,0.5625,63,49,112,0.5625,0,0,0,46,2,48,4,17,85,21,6120261cea4488c9fd5c57c5,,PostUp,0.09270334928229665,24,0.9583333333333334
Chris,Boucher,Chris Boucher,5bb00804aeda719939187859,Toronto Raptors,Eastern Conference,EC,54457dce300969b132fcfb48,Atlantic Division,AD,54457dd0300969b132fcfb9f,Toronto,TOR,54457dd3300969b132fcfe50,86,9,10,1.1111111111111112,4,2,6,0.6666666666666666,0.6666666666666666,4,2,6,0.6666666666666666,0,0,0,2,3,5,1,3,6,1,6120261cea4488c9fd5c57c5,,PostUp,,,0.4
Markieff,Morris,Markieff Morris,615baa5fe771e94fc0c75d3c,Miami Heat,Eastern Conference,EC,54457dce300969b132fcfb48,Southeast Division,SD,54457dd0300969b132fcfba1,Miami,MIA,54457dd3300969b132fcfe3c,23,40,36,0.9,16,16,32,0.5,0.5,16,16,32,0.5,0,0,0,4,1,5,1,3,18,6,6120261cea4488c9fd5c57c5,,PostUp,0.2185792349726776,103,0.8
Montrezl,Harrell,Montrezl Harrell,615d0e4fe771e94fc0255abf,Washington Wizards,Eastern Conference,EC,54457dce300969b132fcfb48,Southeast Division,SD,54457dd0300969b132fcfba1,Washington,WAS,54457dd3300969b132fcfe41,50,109,115,1.055045871559633,38,36,74,0.5135135135135135,0.5135135135135135,38,36,74,0.5135135135135135,0,0,0,39,14,53,7,28,59,12,6120261cea4488c9fd5c57c5,,PostUp,0.19022687609075042,42,0.7358490566037735
Oshae,Brissett,Oshae Brissett,606935125fe05a0e9fd5b988,Indiana Pacers,Eastern Conference,EC,54457dce300969b132fcfb48,Central Division,CD,54457dd0300969b132fcfba0,Indiana,IND,54457dd3300969b132fcfe4e,71,1,2,2.0,0,0,0,,,0,0,0,,0,0,0,2,0,2,0,1,1,0,6120261cea4488c9fd5c57c5,,PostUp,,,1.0
Cody,Martin,Cody Martin,5d9a87a67455336e87b9df7c,Charlotte Hornets,Eastern Conference,EC,54457dce300969b132fcfb48,Southeast Division,SD,54457dd0300969b132fcfba1,Charlotte,CHA,54457dd3300969b132fcfe58,76,5,0,0.0,0,3,3,0.0,0.0,0,3,3,0.0,0,0,0,0,2,2,0,1,0,1,6120261cea4488c9fd5c57c5,,PostUp,,,0.0
Nicolas,Claxton,Nicolas Claxton,5d97fb317455336e8728840f,Brooklyn Nets,Eastern Conference,EC,54457dce300969b132fcfb48,Atlantic Division,AD,54457dd0300969b132fcfb9f,Brooklyn,BKN,54457dd3300969b132fcfe3d,55,8,7,0.875,2,4,6,0.3333333333333333,0.3333333333333333,2,4,6,0.3333333333333333,0,0,0,3,1,4,0,2,4,0,6120261cea4488c9fd5c57c5,,PostUp,,,0.75
Paul,Reed,Paul Reed,5fd979f65fe05a0e9f63ab8c,Philadelphia 76ers,Eastern Conference,EC,54457dce300969b132fcfb48,Atlantic Division,AD,54457dd0300969b132fcfb9f,Philadelphia,PHI,54457dd3300969b132fcfe40,54,2,2,1.0,1,0,1,1.0,1.0,1,0,1,1.0,0,0,0,0,2,2,0,1,1,0,6120261cea4488c9fd5c57c5,,PostUp,,,0.0
Jalen,Smith,Jalen Smith,62071b7a07c7bd5c29bff546,Indiana Pacers,Eastern Conference,EC,54457dce300969b132fcfb48,Central Division,CD,54457dd0300969b132fcfba0,Indiana,IND,54457dd3300969b132fcfe4e,22,18,18,1.0,6,5,11,0.5454545454545454,0.5454545454545454,6,5,11,0.5454545454545454,0,0,0,6,3,9,1,5,10,3,6120261cea4488c9fd5c57c5,,PostUp,0.07058823529411765,54,0.6666666666666666
Bobby,Portis,Bobby Portis,5fd589be5fe05a0e9f893fab,Milwaukee Bucks,Eastern Conference,EC,54457dce300969b132fcfb48,Central Division,CD,54457dd0300969b132fcfba0,Milwaukee,MIL,54457dd3300969b132fcfe4f,84,175,163,0.9314285714285714,73,75,148,0.49324324324324326,0.49324324324324326,73,75,148,0.49324324324324326,0,0,0,17,6,23,3,8,83,17,6120261cea4488c9fd5c57c5,,PostUp,0.15177797051170858,86,0.7391304347826086
Daniel,Oturu,Daniel Oturu,61c9129edf8a6a3c11ab0936,Toronto Raptors,Eastern Conference,EC,54457dce300969b132fcfb48,Atlantic Division,AD,54457dd0300969b132fcfb9f,Toronto,TOR,54457dd3300969b132fcfe50,3,1,0,0.0,0,1,1,0.0,0.0,0,1,1,0.0,0,0,0,0,0,0,0,0,0,0,6120261cea4488c9fd5c57c5,,PostUp,,,
Kentavious,Caldwell-Pope,Kentavious Caldwell-Pope,615d0e4fe771e94fc0255ace,Washington Wizards,Eastern Conference,EC,54457dce300969b132fcfb48,Southeast Division,SD,54457dd0300969b132fcfba1,Washington,WAS,54457dd3300969b132fcfe41,80,1,2,2.0,1,0,1,1.0,1.0,1,0,1,1.0,0,0,0,0,0,0,0,0,1,0,6120261cea4488c9fd5c57c5,,PostUp,,,
Gorgui,Dieng,Gorgui Dieng,615baae0e771e94fc0d00134,Atlanta Hawks,Eastern Conference,EC,54457dce300969b132fcfb48,Southeast Division,SD,54457dd0300969b132fcfba1,Atlanta,ATL,54457dd3300969b132fcfe49,52,12,11,0.9166666666666666,5,5,10,0.5,0.5,5,5,10,0.5,0,0,0,1,1,2,0,0,6,1,6120261cea4488c9fd5c57c5,,PostUp,0.06741573033707865,92,0.5
Marvin,Bagley III,Marvin Bagley III,620b0ef207c7bd5c29495f8b,Detroit Pistons,Eastern Conference,EC,54457dce300969b132fcfb48,Central Division,CD,54457dd0300969b132fcfba0,Detroit,DET,54457dd3300969b132fcfe4d,18,41,28,0.6829268292682927,13,22,35,0.37142857142857144,0.37142857142857144,13,22,35,0.37142857142857144,0,0,0,2,0,2,0,1,14,5,6120261cea4488c9fd5c57c5,,PostUp,0.16872427983539096,160,1.0
Immanuel,Quickley,Immanuel Quickley,5fd42b7d5fe05a0e9f828c94,New York Knicks,Eastern Conference,EC,54457dce300969b132fcfb48,Atlantic Division,AD,54457dd0300969b132fcfb9f,NewYork,NYK,54457dd3300969b132fcfe3e,82,1,0,0.0,0,1,1,0.0,0.0,0,1,1,0.0,0,0,0,0,0,0,0,0,0,0,6120261cea4488c9fd5c57c5,,PostUp,,,
Lauri,Markkanen,Lauri Markkanen,615d0923e771e94fc00a6b9f,Cleveland Cavaliers,Eastern Conference,EC,54457dce300969b132fcfb48,Central Division,CD,54457dd0300969b132fcfba0,Cleveland,CLE,54457dd3300969b132fcfe4c,68,87,101,1.160919540229885,34,29,63,0.5396825396825397,0.5396825396825397,34,29,63,0.5396825396825397,0,0,0,33,4,37,2,12,52,6,6120261cea4488c9fd5c57c5,,PostUp,0.09602649006622517,16,0.8918918918918919
Bruce,Brown,Bruce Brown,5fd6bffd5fe05a0e9f57ebed,Brooklyn Nets,Eastern Conference,EC,54457dce300969b132fcfb48,Atlantic Division,AD,54457dd0300969b132fcfb9f,Brooklyn,BKN,54457dd3300969b132fcfe3d,81,2,4,2.0,2,0,2,1.0,1.0,2,0,2,1.0,0,0,0,0,0,0,0,0,2,0,6120261cea4488c9fd5c57c5,,PostUp,,,
Rodney,McGruder,Rodney McGruder,5fd42b7d5fe05a0e9f828cbf,Detroit Pistons,Eastern Conference,EC,54457dce300969b132fcfb48,Central Division,CD,54457dd0300969b132fcfba0,Detroit,DET,54457dd3300969b132fcfe4d,53,1,0,0.0,0,0,0,,,0,0,0,,0,0,0,0,0,0,0,0,0,1,6120261cea4488c9fd5c57c5,,PostUp,,,
Moritz,Wagner,Moritz Wagner,608a09b1e6c2413bc44b3c59,Orlando Magic,Eastern Conference,EC,54457dce300969b132fcfb48,Southeast Division,SD,54457dd0300969b132fcfba1,Orlando,ORL,54457dd3300969b132fcfe3f,67,22,17,0.7727272727272727,7,8,15,0.4666666666666667,0.4666666666666667,7,8,15,0.4666666666666667,0,0,0,3,0,3,1,2,8,6,6120261cea4488c9fd5c57c5,,PostUp,0.04066543438077634,147,1.0
Terrence,Ross,Terrence Ross,58af67a835268c61b0b3f9d3,Orlando Magic,Eastern Conference,EC,54457dce300969b132fcfb48,Southeast Division,SD,54457dd0300969b132fcfba1,Orlando,ORL,54457dd3300969b132fcfe3f,67,1,2,2.0,1,0,1,1.0,1.0,1,0,1,1.0,0,0,0,0,0,0,0,0,1,0,6120261cea4488c9fd5c57c5,,PostUp,,,
Cole,Anthony,Cole Anthony,5fd42b555fe05a0e9f82085a,Orlando Magic,Eastern Conference,EC,54457dce300969b132fcfb48,Southeast Division,SD,54457dd0300969b132fcfba1,Orlando,ORL,54457dd3300969b132fcfe3f,69,2,0,0.0,0,2,2,0.0,0.0,0,2,2,0.0,0,0,0,0,0,0,0,0,0,0,6120261cea4488c9fd5c57c5,,PostUp,,,
Julius,Randle,Julius Randle,5d9be6e17455336e875c33e5,New York Knicks,Eastern Conference,EC,54457dce300969b132fcfb48,Atlantic Division,AD,54457dd0300969b132fcfb9f,NewYork,NYK,54457dd3300969b132fcfe3e,75,220,159,0.7227272727272728,57,91,148,0.38513513513513514,0.38513513513513514,57,91,148,0.38513513513513514,0,0,0,45,15,60,6,29,81,45,6120261cea4488c9fd5c57c5,,PostUp,0.12724117987275882,155,0.75
James,Harden,James Harden,600391f85fe05a0e9fc8f8e5,Brooklyn Nets,Eastern Conference,EC,54457dce300969b132fcfb48,Atlantic Division,AD,54457dd0300969b132fcfb9f,Brooklyn,BKN,54457dd3300969b132fcfe3d,47,10,9,0.9,3,3,6,0.5,0.5,3,3,6,0.5,0,0,0,3,4,7,1,4,5,1,6120261cea4488c9fd5c57c5,,PostUp,0.009074410163339383,103,0.42857142857142855
Wendell,Carter Jr.,Wendell Carter Jr.,605e96a05fe05a0e9fb90851,Orlando Magic,Eastern Conference,EC,54457dce300969b132fcfb48,Southeast Division,SD,54457dd0300969b132fcfba1,Orlando,ORL,54457dd3300969b132fcfe3f,66,91,82,0.9010989010989011,29,34,63,0.4603174603174603,0.4603174603174603,29,34,63,0.4603174603174603,0,0,0,24,7,31,1,13,44,13,6120261cea4488c9fd5c57c5,,PostUp,0.09670563230605739,102,0.7741935483870968
Kyle,Lowry,Kyle Lowry,615baa5fe771e94fc0c75d2c,Miami Heat,Eastern Conference,EC,54457dce300969b132fcfb48,Southeast Division,SD,54457dd0300969b132fcfba1,Miami,MIA,54457dd3300969b132fcfe3c,77,9,6,0.6666666666666666,2,4,6,0.3333333333333333,0.3333333333333333,2,4,6,0.3333333333333333,0,0,0,2,0,2,0,0,3,2,6120261cea4488c9fd5c57c5,,PostUp,,,1.0
Franz,Wagner,Franz Wagner,615baa58e771e94fc0c6c487,Orlando Magic,Eastern Conference,EC,54457dce300969b132fcfb48,Southeast Division,SD,54457dd0300969b132fcfba1,Orlando,ORL,54457dd3300969b132fcfe3f,83,28,22,0.7857142857142857,9,13,22,0.4090909090909091,0.4090909090909091,9,13,22,0.4090909090909091,0,0,0,4,0,4,0,2,11,4,6120261cea4488c9fd5c57c5,,PostUp,0.022988505747126436,144,1.0
R.J.,Hampton,R.J. Hampton,605e96a05fe05a0e9fb90855,Orlando Magic,Eastern Conference,EC,54457dce300969b132fcfb48,Southeast Division,SD,54457dd0300969b132fcfba1,Orlando,ORL,54457dd3300969b132fcfe3f,68,1,2,2.0,1,0,1,1.0,1.0,1,0,1,1.0,0,0,0,0,0,0,0,0,1,0,6120261cea4488c9fd5c57c5,,PostUp,,,
Gary,Trent Jr.,Gary Trent Jr.,605e8e8d5fe05a0e9f62a986,Toronto Raptors,Eastern Conference,EC,54457dce300969b132fcfb48,Atlantic Division,AD,54457dd0300969b132fcfb9f,Toronto,TOR,54457dd3300969b132fcfe50,80,7,10,1.4285714285714286,2,2,4,0.5,0.5,2,2,4,0.5,0,0,0,6,1,7,1,4,5,0,6120261cea4488c9fd5c57c5,,PostUp,,,0.8571428571428571
Jaime,Echenique,Jaime Echenique,615d0e4fe771e94fc0255ac7,Washington Wizards,Eastern Conference,EC,54457dce300969b132fcfb48,Southeast Division,SD,54457dd0300969b132fcfba1,Washington,WAS,54457dd3300969b132fcfe41,3,2,2,1.0,1,1,2,0.5,0.5,1,1,2,0.5,0,0,0,0,0,0,0,0,1,0,6120261cea4488c9fd5c57c5,,PostUp,,,
Moses,Brown,Moses Brown,622c1b8325a5348885ccf62c,Cleveland Cavaliers,Eastern Conference,EC,54457dce300969b132fcfb48,Central Division,CD,54457dd0300969b132fcfba0,Cleveland,CLE,54457dd3300969b132fcfe4c,14,2,2,1.0,1,1,2,0.5,0.5,1,1,2,0.5,0,0,0,0,0,0,0,0,1,0,6120261cea4488c9fd5c57c5,,PostUp,,,
Mohamed,Bamba,Mohamed Bamba,5bb2a653aeda719939f466a8,Orlando Magic,Eastern Conference,EC,54457dce300969b132fcfb48,Southeast Division,SD,54457dd0300969b132fcfba1,Orlando,ORL,54457dd3300969b132fcfe3f,75,48,39,0.8125,16,22,38,0.42105263157894735,0.42105263157894735,16,22,38,0.42105263157894735,0,0,0,7,1,8,0,4,20,6,6120261cea4488c9fd5c57c5,,PostUp,0.06258148631029987,133,0.875
KZ,Okpala,KZ Okpala,5d9d3cc97455336e87fb9d5f,Miami Heat,Eastern Conference,EC,54457dce300969b132fcfb48,Southeast Division,SD,54457dd0300969b132fcfba1,Miami,MIA,54457dd3300969b132fcfe3c,25,3,0,0.0,0,1,1,0.0,0.0,0,1,1,0.0,0,0,0,0,0,0,0,0,0,2,6120261cea4488c9fd5c57c5,,PostUp,,,
Bradley,Beal,Bradley Beal,544580d2300969b132fd4897,Washington Wizards,Eastern Conference,EC,54457dce300969b132fcfb48,Southeast Division,SD,54457dd0300969b132fcfba1,Washington,WAS,54457dd3300969b132fcfe41,44,11,12,1.0909090909090908,4,3,7,0.5714285714285714,0.5714285714285714,4,3,7,0.5714285714285714,0,0,0,4,0,4,0,2,6,2,6120261cea4488c9fd5c57c5,,PostUp,0.01055662188099808,28,1.0
Freddie,Gillespie,Freddie Gillespie,61c3e561df8a6a3c11b353a2,Orlando Magic,Eastern Conference,EC,54457dce300969b132fcfb48,Southeast Division,SD,54457dd0300969b132fcfba1,Orlando,ORL,54457dd3300969b132fcfe3f,9,1,0,0.0,0,1,1,0.0,0.0,0,1,1,0.0,0,0,0,0,0,0,0,0,0,0,6120261cea4488c9fd5c57c5,,PostUp,,,
Bam,Adebayo,Bam Adebayo,59e63aef44b2b8aa7e5bf532,Miami Heat,Eastern Conference,EC,54457dce300969b132fcfb48,Southeast Division,SD,54457dd0300969b132fcfba1,Miami,MIA,54457dd3300969b132fcfe3c,78,225,213,0.9466666666666667,78,86,164,0.47560975609756095,0.47560975609756095,78,86,164,0.47560975609756095,0,0,0,57,14,71,7,35,108,29,6120261cea4488c9fd5c57c5,,PostUp,0.16968325791855204,75,0.8028169014084507
Tyler,Herro,Tyler Herro,5d9d3cc97455336e87fb9d4a,Miami Heat,Eastern Conference,EC,54457dce300969b132fcfb48,Southeast Division,SD,54457dd0300969b132fcfba1,Miami,MIA,54457dd3300969b132fcfe3c,86,4,2,0.5,1,3,4,0.25,0.25,1,3,4,0.25,0,0,0,0,0,0,0,0,1,0,6120261cea4488c9fd5c57c5,,PostUp,,,
RJ,Barrett,RJ Barrett,5d9be6e17455336e875c33c8,New York Knicks,Eastern Conference,EC,54457dce300969b132fcfb48,Atlantic Division,AD,54457dd0300969b132fcfb9f,NewYork,NYK,54457dd3300969b132fcfe3e,74,47,42,0.8936170212765957,14,17,31,0.45161290322580644,0.45161290322580644,14,17,31,0.45161290322580644,0,0,0,14,6,20,2,10,22,7,6120261cea4488c9fd5c57c5,,PostUp,0.02944862155388471,108,0.7
Domantas,Sabonis,Domantas Sabonis,59af0b0117120e9c9a99584f,Indiana Pacers,Eastern Conference,EC,54457dce300969b132fcfb48,Central Division,CD,54457dd0300969b132fcfba0,Indiana,IND,54457dd3300969b132fcfe4e,51,139,123,0.8848920863309353,46,45,91,0.5054945054945055,0.5054945054945055,46,45,91,0.5054945054945055,0,0,0,31,13,44,6,20,63,29,6120261cea4488c9fd5c57c5,,PostUp,0.15670800450958286,110,0.7045454545454546
Robin,Lopez,Robin Lopez,615baa58e771e94fc0c6c466,Orlando Magic,Eastern Conference,EC,54457dce300969b132fcfb48,Southeast Division,SD,54457dd0300969b132fcfba1,Orlando,ORL,54457dd3300969b132fcfe3f,39,114,98,0.8596491228070176,44,44,88,0.5,0.5,44,44,88,0.5,0,0,0,10,10,20,2,8,53,17,6120261cea4488c9fd5c57c5,,PostUp,0.40860215053763443,119,0.5
Tristan,Thompson,Tristan Thompson,62184e9725a534888531241a,Chicago Bulls,Eastern Conference,EC,54457dce300969b132fcfb48,Central Division,CD,54457dd0300969b132fcfba0,Chicago,CHI,54457dd3300969b132fcfe4b,28,15,22,1.4666666666666666,7,2,9,0.7777777777777778,0.7777777777777778,7,2,9,0.7777777777777778,0,0,0,8,5,13,1,6,12,0,6120261cea4488c9fd5c57c5,,PostUp,0.1079136690647482,1,0.6153846153846154
Precious,Achiuwa,Precious Achiuwa,615ba9bde771e94fc0bc4749,Toronto Raptors,Eastern Conference,EC,54457dce300969b132fcfb48,Atlantic Division,AD,54457dd0300969b132fcfb9f,Toronto,TOR,54457dd3300969b132fcfe50,84,38,35,0.9210526315789473,15,14,29,0.5172413793103449,0.5172413793103449,15,14,29,0.5172413793103449,0,0,0,5,4,9,1,5,18,5,6120261cea4488c9fd5c57c5,,PostUp,0.04323094425483504,91,0.5555555555555556
Onyeka,Okongwu,Onyeka Okongwu,5fd42b555fe05a0e9f820891,Atlanta Hawks,Eastern Conference,EC,54457dce300969b132fcfb48,Southeast Division,SD,54457dd0300969b132fcfba1,Atlanta,ATL,54457dd3300969b132fcfe49,55,21,18,0.8571428571428571,7,5,12,0.5833333333333334,0.5833333333333334,7,5,12,0.5833333333333334,0,0,0,4,0,4,0,2,9,7,6120261cea4488c9fd5c57c5,,PostUp,0.06051873198847262,120,1.0
Terry,Taylor,Terry Taylor,615d00e0e771e94fc0d29289,Indiana Pacers,Eastern Conference,EC,54457dce300969b132fcfb48,Central Division,CD,54457dd0300969b132fcfba0,Indiana,IND,54457dd3300969b132fcfe4e,35,6,6,1.0,3,2,5,0.6,0.6,3,2,5,0.6,0,0,0,0,0,0,0,0,3,1,6120261cea4488c9fd5c57c5,,PostUp,,,
Jalen,Johnson,Jalen Johnson,615baae0e771e94fc0d00142,Atlanta Hawks,Eastern Conference,EC,54457dce300969b132fcfb48,Southeast Division,SD,54457dd0300969b132fcfba1,Atlanta,ATL,54457dd3300969b132fcfe49,29,1,0,0.0,0,1,1,0.0,0.0,0,1,1,0.0,0,0,0,0,0,0,0,0,0,0,6120261cea4488c9fd5c57c5,,PostUp,,,
Rodney,Hood,Rodney Hood,615d0caee771e94fc01cac24,Milwaukee Bucks,Eastern Conference,EC,54457dce300969b132fcfb48,Central Division,CD,54457dd0300969b132fcfba0,Milwaukee,MIL,54457dd3300969b132fcfe4f,40,2,0,0.0,0,2,2,0.0,0.0,0,2,2,0.0,0,0,0,0,0,0,0,0,0,0,6120261cea4488c9fd5c57c5,,PostUp,,,
LaMarcus,Aldridge,LaMarcus Aldridge,606284c35fe05a0e9f1649da,Brooklyn Nets,Eastern Conference,EC,54457dce300969b132fcfb48,Atlantic Division,AD,54457dd0300969b132fcfb9f,Brooklyn,BKN,54457dd3300969b132fcfe3d,50,107,109,1.0186915887850467,39,45,84,0.4642857142857143,0.4642857142857143,39,45,84,0.4642857142857143,0,0,0,31,2,33,9,21,50,11,6120261cea4488c9fd5c57c5,,PostUp,0.18641114982578397,49,0.9393939393939394
Dewayne,Dedmon,Dewayne Dedmon,606fbb485fe05a0e9f79fb20,Miami Heat,Eastern Conference,EC,54457dce300969b132fcfb48,Southeast Division,SD,54457dd0300969b132fcfba1,Miami,MIA,54457dd3300969b132fcfe3c,85,16,15,0.9375,7,5,12,0.5833333333333334,0.5833333333333334,7,5,12,0.5833333333333334,0,0,0,1,1,2,0,0,8,3,6120261cea4488c9fd5c57c5,,PostUp,0.03278688524590164,83,0.5
Greg,Monroe,Greg Monroe,55a494fe1e31501db44135d5,Milwaukee Bucks,Eastern Conference,EC,54457dce300969b132fcfb48,Central Division,CD,54457dd0300969b132fcfba0,Milwaukee,MIL,54457dd3300969b132fcfe4f,5,3,2,0.6666666666666666,1,2,3,0.3333333333333333,0.3333333333333333,1,2,3,0.3333333333333333,0,0,0,0,0,0,0,0,1,0,6120261cea4488c9fd5c57c5,,PostUp,,,
OG,Anunoby,OG Anunoby,59e63b3944b2b8aa7e5d70bf,Toronto Raptors,Eastern Conference,EC,54457dce300969b132fcfb48,Atlantic Division,AD,54457dd0300969b132fcfb9f,Toronto,TOR,54457dd3300969b132fcfe50,58,108,86,0.7962962962962963,33,47,80,0.4125,0.4125,33,47,80,0.4125,0,0,0,20,5,25,1,9,45,16,6120261cea4488c9fd5c57c5,,PostUp,0.10887096774193548,141,0.8
Grant,Williams,Grant Williams,5d9a87a67455336e87b9df9b,Boston Celtics,Eastern Conference,EC,54457dce300969b132fcfb48,Atlantic Division,AD,54457dd0300969b132fcfb9f,Boston,BOS,54457dd3300969b132fcfe3b,105,31,40,1.2903225806451613,13,8,21,0.6190476190476191,0.6190476190476191,13,8,21,0.6190476190476191,0,0,0,14,0,14,2,5,19,4,6120261cea4488c9fd5c57c5,,PostUp,0.041005291005291,6,1.0
Kristaps,Porzingis,Kristaps Porzingis,620f0a7507c7bd5c294eefd8,Washington Wizards,Eastern Conference,EC,54457dce300969b132fcfb48,Southeast Division,SD,54457dd0300969b132fcfba1,Washington,WAS,54457dd3300969b132fcfe41,17,77,86,1.1168831168831168,24,25,49,0.4897959183673469,0.4897959183673469,24,25,49,0.4897959183673469,0,0,0,38,7,45,3,22,45,7,6120261cea4488c9fd5c57c5,,PostUp,0.22647058823529412,23,0.8444444444444444
Cheick,Diallo,Cheick Diallo,61c5381adf8a6a3c11142941,Detroit Pistons,Eastern Conference,EC,54457dce300969b132fcfb48,Central Division,CD,54457dd0300969b132fcfba0,Detroit,DET,54457dd3300969b132fcfe4d,3,1,2,2.0,1,0,1,1.0,1.0,1,0,1,1.0,0,0,0,0,0,0,0,0,1,0,6120261cea4488c9fd5c57c5,,PostUp,,,
Paul,Millsap,Paul Millsap,615a2ab8e771e94fc0ad82d7,Brooklyn Nets,Eastern Conference,EC,54457dce300969b132fcfb48,Atlantic Division,AD,54457dd0300969b132fcfb9f,Brooklyn,BKN,54457dd3300969b132fcfe3d,27,12,7,0.5833333333333334,3,7,10,0.3,0.3,3,7,10,0.3,0,0,0,1,1,2,0,1,4,1,6120261cea4488c9fd5c57c5,,PostUp,0.08823529411764706,166,0.5
Lance,Stephenson,Lance Stephenson,61d251a5df8a6a3c11fbeff5,Indiana Pacers,Eastern Conference,EC,54457dce300969b132fcfb48,Central Division,CD,54457dd0300969b132fcfba0,Indiana,IND,54457dd3300969b132fcfe4e,40,3,2,0.6666666666666666,1,2,3,0.3333333333333333,0.3333333333333333,1,2,3,0.3333333333333333,0,0,0,0,0,0,0,0,1,0,6120261cea4488c9fd5c57c5,,PostUp,,,
Cedi,Osman,Cedi Osman,55a494fe1e31501db44135c8,Cleveland Cavaliers,Eastern Conference,EC,54457dce300969b132fcfb48,Central Division,CD,54457dd0300969b132fcfba0,Cleveland,CLE,54457dd3300969b132fcfe4c,71,3,4,1.3333333333333333,2,1,3,0.6666666666666666,0.6666666666666666,2,1,3,0.6666666666666666,0,0,0,0,0,0,0,0,2,0,6120261cea4488c9fd5c57c5,,PostUp,,,
Jimmy,Butler,Jimmy Butler,5d9d3cc97455336e87fb9d2e,Miami Heat,Eastern Conference,EC,54457dce300969b132fcfb48,Southeast Division,SD,54457dd0300969b132fcfba1,Miami,MIA,54457dd3300969b132fcfe3c,76,175,180,1.0285714285714285,59,73,132,0.44696969696969696,0.44696969696969696,59,73,132,0.44696969696969696,0,0,0,62,10,72,10,39,88,12,6120261cea4488c9fd5c57c5,,PostUp,0.11125238397965671,47,0.8611111111111112
Tony,Bradley,Tony Bradley,615d0923e771e94fc00a6bba,Chicago Bulls,Eastern Conference,EC,54457dce300969b132fcfb48,Central Division,CD,54457dd0300969b132fcfba0,Chicago,CHI,54457dd3300969b132fcfe4b,58,4,4,1.0,1,1,2,0.5,0.5,1,1,2,0.5,0,0,0,2,0,2,0,1,2,1,6120261cea4488c9fd5c57c5,,PostUp,,,1.0
Wesley,Matthews,Wesley Matthews,61ac3648d7ea140d4ab2ba60,Milwaukee Bucks,Eastern Conference,EC,54457dce300969b132fcfb48,Central Division,CD,54457dd0300969b132fcfba0,Milwaukee,MIL,54457dd3300969b132fcfe4f,61,2,4,2.0,2,0,2,1.0,1.0,2,0,2,1.0,0,0,0,0,1,1,1,1,2,0,6120261cea4488c9fd5c57c5,,PostUp,,,0.0
Charles,Bassey,Charles Bassey,615ba9bde771e94fc0bc4713,Philadelphia 76ers,Eastern Conference,EC,54457dce300969b132fcfb48,Atlantic Division,AD,54457dd0300969b132fcfb9f,Philadelphia,PHI,54457dd3300969b132fcfe40,29,2,2,1.0,1,0,1,1.0,1.0,1,0,1,1.0,0,0,0,0,0,0,0,0,1,1,6120261cea4488c9fd5c57c5,,PostUp,,,
Andre,Drummond,Andre Drummond,615ba9bde771e94fc0bc471e,Philadelphia 76ers,Eastern Conference,EC,54457dce300969b132fcfb48,Atlantic Division,AD,54457dd0300969b132fcfb9f,Philadelphia,PHI,54457dd3300969b132fcfe40,53,56,45,0.8035714285714286,17,18,35,0.4857142857142857,0.4857142857142857,17,18,35,0.4857142857142857,0,0,0,11,14,25,5,11,23,11,6120261cea4488c9fd5c57c5,,PostUp,0.1362530413625304,137,0.44
Chris,Duarte,Chris Duarte,615d00e0e771e94fc0d29274,Indiana Pacers,Eastern Conference,EC,54457dce300969b132fcfb48,Central Division,CD,54457dd0300969b132fcfba0,Indiana,IND,54457dd3300969b132fcfe4e,59,1,0,0.0,0,1,1,0.0,0.0,0,1,1,0.0,0,0,0,0,0,0,0,0,0,0,6120261cea4488c9fd5c57c5,,PostUp,,,
Mitchell,Robinson,Mitchell Robinson,5bb2a77eaeda719939f791fa,New York Knicks,Eastern Conference,EC,54457dce300969b132fcfb48,Atlantic Division,AD,54457dd0300969b132fcfb9f,NewYork,NYK,54457dd3300969b132fcfe3e,73,17,13,0.7647058823529411,5,3,8,0.625,0.625,5,3,8,0.625,0,0,0,3,6,9,1,4,7,5,6120261cea4488c9fd5c57c5,,PostUp,0.03441295546558704,148,0.3333333333333333
Trey,Lyles,Trey Lyles,615e4bcfe771e94fc0e9eaf7,Detroit Pistons,Eastern Conference,EC,54457dce300969b132fcfb48,Central Division,CD,54457dd0300969b132fcfba0,Detroit,DET,54457dd3300969b132fcfe4d,55,45,61,1.3555555555555556,19,9,28,0.6785714285714286,0.6785714285714286,19,9,28,0.6785714285714286,0,0,0,23,4,27,3,13,31,5,6120261cea4488c9fd5c57c5,,PostUp,0.08317929759704251,4,0.8518518518518519
DeMarcus,Cousins,DeMarcus Cousins,61a83f265502808bf86838ff,Milwaukee Bucks,Eastern Conference,EC,54457dce300969b132fcfb48,Central Division,CD,54457dd0300969b132fcfba0,Milwaukee,MIL,54457dd3300969b132fcfe4f,17,12,10,0.8333333333333334,4,2,6,0.6666666666666666,0.6666666666666666,4,2,6,0.6666666666666666,0,0,0,2,0,2,0,0,5,5,6120261cea4488c9fd5c57c5,,PostUp,0.08163265306122448,124,1.0
Georgios,Kalaitzakis,Georgios Kalaitzakis,615d0caee771e94fc01cac28,Milwaukee Bucks,Eastern Conference,EC,54457dce300969b132fcfb48,Central Division,CD,54457dd0300969b132fcfba0,Milwaukee,MIL,54457dd3300969b132fcfe4f,14,1,0,0.0,0,1,1,0.0,0.0,0,1,1,0.0,0,0,0,0,0,0,0,0,0,0,6120261cea4488c9fd5c57c5,,PostUp,,,
LaMelo,Ball,LaMelo Ball,5fd582355fe05a0e9f6d193b,Charlotte Hornets,Eastern Conference,EC,54457dce300969b132fcfb48,Southeast Division,SD,54457dd0300969b132fcfba1,Charlotte,CHA,54457dd3300969b132fcfe58,80,1,2,2.0,1,0,1,1.0,1.0,1,0,1,1.0,0,0,0,0,0,0,0,0,1,0,6120261cea4488c9fd5c57c5,,PostUp,,,
Goga,Bitadze,Goga Bitadze,5d97763a7455336e87922576,Indiana Pacers,Eastern Conference,EC,54457dce300969b132fcfb48,Central Division,CD,54457dd0300969b132fcfba0,Indiana,IND,54457dd3300969b132fcfe4e,54,28,23,0.8214285714285714,7,9,16,0.4375,0.4375,7,9,16,0.4375,0,0,0,9,3,12,2,3,11,7,6120261cea4488c9fd5c57c5,,PostUp,0.07692307692307693,128,0.75
Goran,Dragic,Goran Dragic,621846dc25a5348885fe7bf3,Brooklyn Nets,Eastern Conference,EC,54457dce300969b132fcfb48,Atlantic Division,AD,54457dd0300969b132fcfb9f,Brooklyn,BKN,54457dd3300969b132fcfe3d,21,2,2,1.0,1,1,2,0.5,0.5,1,1,2,0.5,0,0,0,0,0,0,0,0,1,0,6120261cea4488c9fd5c57c5,,PostUp,,,
Sekou,Doumbouya,Sekou Doumbouya,615a2ab8e771e94fc0ad82a7,Brooklyn Nets,Eastern Conference,EC,54457dce300969b132fcfb48,Atlantic Division,AD,54457dd0300969b132fcfb9f,Brooklyn,BKN,54457dd3300969b132fcfe3d,1,1,2,2.0,0,0,0,,,0,0,0,,0,0,0,2,0,2,0,1,1,0,6120261cea4488c9fd5c57c5,,PostUp,,,1.0
George,Hill,George Hill,616f7fc1e771e94fc0768410,Milwaukee Bucks,Eastern Conference,EC,54457dce300969b132fcfb48,Central Division,CD,54457dd0300969b132fcfba0,Milwaukee,MIL,54457dd3300969b132fcfe4f,62,4,4,1.0,2,1,3,0.6666666666666666,0.6666666666666666,2,1,3,0.6666666666666666,0,0,0,0,0,0,0,0,2,1,6120261cea4488c9fd5c57c5,,PostUp,,,
Kyrie,Irving,Kyrie Irving,5d97fb317455336e872883e1,Brooklyn Nets,Eastern Conference,EC,54457dce300969b132fcfb48,Atlantic Division,AD,54457dd0300969b132fcfb9f,Brooklyn,BKN,54457dd3300969b132fcfe3d,34,19,23,1.2105263157894737,10,7,17,0.5882352941176471,0.5882352941176471,10,7,17,0.5882352941176471,0,0,0,3,0,3,1,2,11,1,6120261cea4488c9fd5c57c5,,PostUp,0.02264600715137068,14,1.0
Josh,Jackson,Josh Jackson,5fd42b7d5fe05a0e9f828cb6,Detroit Pistons,Eastern Conference,EC,54457dce300969b132fcfb48,Central Division,CD,54457dd0300969b132fcfba0,Detroit,DET,54457dd3300969b132fcfe4d,43,6,5,0.8333333333333334,2,2,4,0.5,0.5,2,2,4,0.5,0,0,0,1,1,2,0,1,3,1,6120261cea4488c9fd5c57c5,,PostUp,,,0.5
Markelle,Fultz,Markelle Fultz,5c5fa61285d07ba9761a86e9,Orlando Magic,Eastern Conference,EC,54457dce300969b132fcfb48,Southeast Division,SD,54457dd0300969b132fcfba1,Orlando,ORL,54457dd3300969b132fcfe3f,18,22,12,0.5454545454545454,5,10,15,0.3333333333333333,0.3333333333333333,5,10,15,0.3333333333333333,0,0,0,2,2,4,0,2,7,5,6120261cea4488c9fd5c57c5,,PostUp,0.09691629955947137,168,0.5
Jayson,Tatum,Jayson Tatum,59e63aec44b2b8aa7e5be7fb,Boston Celtics,Eastern Conference,EC,54457dce300969b132fcfb48,Atlantic Division,AD,54457dd0300969b132fcfb9f,Boston,BOS,54457dd3300969b132fcfe3b,103,166,145,0.8734939759036144,52,71,123,0.42276422764227645,0.42276422764227645,52,71,123,0.42276422764227645,0,0,0,41,12,53,5,28,74,19,6120261cea4488c9fd5c57c5,,PostUp,0.06171003717472119,115,0.7735849056603774
Luke,Kornet,Luke Kornet,605e91e45fe05a0e9f879c75,Boston Celtics,Eastern Conference,EC,54457dce300969b132fcfb48,Atlantic Division,AD,54457dd0300969b132fcfb9f,Boston,BOS,54457dd3300969b132fcfe3b,21,1,2,2.0,1,0,1,1.0,1.0,1,0,1,1.0,0,0,0,0,0,0,0,0,1,0,6120261cea4488c9fd5c57c5,,PostUp,,,
P.J.,Tucker,P.J. Tucker,615baa5fe771e94fc0c75d76,Miami Heat,Eastern Conference,EC,54457dce300969b132fcfb48,Southeast Division,SD,54457dd0300969b132fcfba1,Miami,MIA,54457dd3300969b132fcfe3c,93,18,20,1.1111111111111112,9,5,14,0.6428571428571429,0.6428571428571429,9,5,14,0.6428571428571429,0,0,0,2,1,3,1,2,10,3,6120261cea4488c9fd5c57c5,,PostUp,0.02666666666666667,24,0.6666666666666666
Caleb,Martin,Caleb Martin,615baa5fe771e94fc0c75d43,Miami Heat,Eastern Conference,EC,54457dce300969b132fcfb48,Southeast Division,SD,54457dd0300969b132fcfba1,Miami,MIA,54457dd3300969b132fcfe3c,81,2,2,1.0,1,1,2,0.5,0.5,1,1,2,0.5,0,0,0,0,0,0,0,0,1,0,6120261cea4488c9fd5c57c5,,PostUp,,,
Alec,Burks,Alec Burks,5fd42b7d5fe05a0e9f828c77,New York Knicks,Eastern Conference,EC,54457dce300969b132fcfb48,Atlantic Division,AD,54457dd0300969b132fcfb9f,NewYork,NYK,54457dd3300969b132fcfe3e,84,15,11,0.7333333333333333,4,7,11,0.36363636363636365,0.36363636363636365,4,7,11,0.36363636363636365,0,0,0,3,1,4,0,2,6,2,6120261cea4488c9fd5c57c5,,PostUp,0.015706806282722512,151,0.75
Ignas,Brazdeikis,Ignas Brazdeikis,6090a194e6c2413bc4ff24f2,Orlando Magic,Eastern Conference,EC,54457dce300969b132fcfb48,Southeast Division,SD,54457dd0300969b132fcfba1,Orlando,ORL,54457dd3300969b132fcfe3f,45,2,2,1.0,1,1,2,0.5,0.5,1,1,2,0.5,0,0,0,0,0,0,0,0,1,0,6120261cea4488c9fd5c57c5,,PostUp,,,
Blake,Griffin,Blake Griffin,604d73a85fe05a0e9f308004,Brooklyn Nets,Eastern Conference,EC,54457dce300969b132fcfb48,Atlantic Division,AD,54457dd0300969b132fcfb9f,Brooklyn,BKN,54457dd3300969b132fcfe3d,60,31,27,0.8709677419354839,10,13,23,0.43478260869565216,0.43478260869565216,10,13,23,0.43478260869565216,0,0,0,7,2,9,1,5,14,4,6120261cea4488c9fd5c57c5,,PostUp,0.07808564231738035,116,0.7777777777777778
Vernon,Carey Jr.,Vernon Carey Jr.,620f0a7507c7bd5c294eefcd,Washington Wizards,Eastern Conference,EC,54457dce300969b132fcfb48,Southeast Division,SD,54457dd0300969b132fcfba1,Washington,WAS,54457dd3300969b132fcfe41,3,1,2,2.0,1,0,1,1.0,1.0,1,0,1,1.0,0,0,0,0,1,1,1,1,1,0,6120261cea4488c9fd5c57c5,,PostUp,,,0.0
Obi,Toppin,Obi Toppin,5fd42b7d5fe05a0e9f828c9f,New York Knicks,Eastern Conference,EC,54457dce300969b132fcfb48,Atlantic Division,AD,54457dd0300969b132fcfb9f,NewYork,NYK,54457dd3300969b132fcfe3e,76,38,38,1.0,13,13,26,0.5,0.5,13,13,26,0.5,0,0,0,12,4,16,2,7,20,5,6120261cea4488c9fd5c57c5,,PostUp,0.0608,54,0.75
Georges,Niang,Georges Niang,615ba9bde771e94fc0bc4736,Philadelphia 76ers,Eastern Conference,EC,54457dce300969b132fcfb48,Atlantic Division,AD,54457dd0300969b132fcfb9f,Philadelphia,PHI,54457dd3300969b132fcfe40,92,9,8,0.8888888888888888,2,4,6,0.3333333333333333,0.3333333333333333,2,4,6,0.3333333333333333,0,0,0,4,0,4,0,2,4,1,6120261cea4488c9fd5c57c5,,PostUp,,,1.0
Daniel,Theis,Daniel Theis,670399c0ff56573c7ce28c71,Boston Celtics,Eastern Conference,EC,54457dce300969b132fcfb48,Atlantic Division,AD,54457dd0300969b132fcfb9f,Boston,BOS,54457dd3300969b132fcfe3b,37,6,9,1.5,4,0,4,1.0,1.0,4,0,4,1.0,0,0,0,1,1,2,0,1,5,1,6120261cea4488c9fd5c57c5,,PostUp,,,0.5
Micah,Potter,Micah Potter,615baa5fe771e94fc0c75d4d,Miami Heat,Eastern Conference,EC,54457dce300969b132fcfb48,Southeast Division,SD,54457dd0300969b132fcfba1,Miami,MIA,54457dd3300969b132fcfe3c,3,3,2,0.6666666666666666,1,1,2,0.5,0.5,1,1,2,0.5,0,0,0,0,0,0,0,0,1,1,6120261cea4488c9fd5c57c5,,PostUp,,,
Luka,Garza,Luka Garza,615e4bcfe771e94fc0e9eae5,Detroit Pistons,Eastern Conference,EC,54457dce300969b132fcfb48,Central Division,CD,54457dd0300969b132fcfba0,Detroit,DET,54457dd3300969b132fcfe4d,36,18,19,1.0555555555555556,6,6,12,0.5,0.5,6,6,12,0.5,0,0,0,7,1,8,0,2,10,2,6120261cea4488c9fd5c57c5,,PostUp,0.08823529411764706,41,0.875
Caris,LeVert,Caris LeVert,620476f4df8a6a3c1134ecaf,Cleveland Cavaliers,Eastern Conference,EC,54457dce300969b132fcfb48,Central Division,CD,54457dd0300969b132fcfba0,Cleveland,CLE,54457dd3300969b132fcfe4c,21,3,2,0.6666666666666666,1,2,3,0.3333333333333333,0.3333333333333333,1,2,3,0.3333333333333333,0,0,0,0,0,0,0,0,1,0,6120261cea4488c9fd5c57c5,,PostUp,,,
Miles,Bridges,Miles Bridges,5baeb559aeda7199399eb09e,Charlotte Hornets,Eastern Conference,EC,54457dce300969b132fcfb48,Southeast Division,SD,54457dd0300969b132fcfba1,Charlotte,CHA,54457dd3300969b132fcfe58,85,58,39,0.6724137931034483,13,25,38,0.34210526315789475,0.34210526315789475,13,25,38,0.34210526315789475,0,0,0,13,2,15,1,8,20,13,6120261cea4488c9fd5c57c5,,PostUp,0.037108125399872044,161,0.8666666666666667
Thomas,Bryant,Thomas Bryant,5bb2a77eaeda719939f79244,Washington Wizards,Eastern Conference,EC,54457dce300969b132fcfb48,Southeast Division,SD,54457dd0300969b132fcfba1,Washington,WAS,54457dd3300969b132fcfe41,27,21,20,0.9523809523809523,8,7,15,0.5333333333333333,0.5333333333333333,8,7,15,0.5333333333333333,0,0,0,4,1,5,1,3,10,4,6120261cea4488c9fd5c57c5,,PostUp,0.11351351351351352,73,0.8
Caris,LeVert,Caris LeVert,60051e2c5fe05a0e9f1de816,Indiana Pacers,Eastern Conference,EC,54457dce300969b132fcfb48,Central Division,CD,54457dd0300969b132fcfba0,Indiana,IND,54457dd3300969b132fcfe4e,39,7,11,1.5714285714285714,4,1,5,0.8,0.8,4,1,5,0.8,0,0,0,3,1,4,0,2,6,0,6120261cea4488c9fd5c57c5,,PostUp,,,0.75
David,Johnson,David Johnson,615ba9bde771e94fc0bc4780,Toronto Raptors,Eastern Conference,EC,54457dce300969b132fcfb48,Atlantic Division,AD,54457dd0300969b132fcfb9f,Toronto,TOR,54457dd3300969b132fcfe50,5,1,2,2.0,1,0,1,1.0,1.0,1,0,1,1.0,0,0,0,0,0,0,0,0,1,0,6120261cea4488c9fd5c57c5,,PostUp,,,
Isaiah,Stewart,Isaiah Stewart,5fd42b7d5fe05a0e9f828ccc,Detroit Pistons,Eastern Conference,EC,54457dce300969b132fcfb48,Central Division,CD,54457dd0300969b132fcfba0,Detroit,DET,54457dd3300969b132fcfe4d,75,73,61,0.8356164383561644,26,28,54,0.48148148148148145,0.48148148148148145,26,28,54,0.48148148148148145,0,0,0,9,1,10,0,3,31,14,6120261cea4488c9fd5c57c5,,PostUp,0.1130030959752322,123,0.9
Admiral,Schofield,Admiral Schofield,615baa58e771e94fc0c6c473,Orlando Magic,Eastern Conference,EC,54457dce300969b132fcfb48,Southeast Division,SD,54457dd0300969b132fcfba1,Orlando,ORL,54457dd3300969b132fcfe3f,40,1,0,0.0,0,0,0,,,0,0,0,,0,0,0,0,0,0,0,0,0,1,6120261cea4488c9fd5c57c5,,PostUp,,,
Marcus,Smart,Marcus Smart,544580cc300969b132fd451e,Boston Celtics,Eastern Conference,EC,54457dce300969b132fcfb48,Atlantic Division,AD,54457dd0300969b132fcfb9f,Boston,BOS,54457dd3300969b132fcfe3b,94,40,35,0.875,14,17,31,0.45161290322580644,0.45161290322580644,14,17,31,0.45161290322580644,0,0,0,7,0,7,1,3,17,6,6120261cea4488c9fd5c57c5,,PostUp,0.029850746268656716,113,1.0
Robert,Williams III,Robert Williams III,5baed881aeda719939cdf96a,Boston Celtics,Eastern Conference,EC,54457dce300969b132fcfb48,Atlantic Division,AD,54457dd0300969b132fcfb9f,Boston,BOS,54457dd3300969b132fcfe3b,81,11,14,1.2727272727272727,6,4,10,0.6,0.6,6,4,10,0.6,0,0,0,2,0,2,0,1,7,0,6120261cea4488c9fd5c57c5,,PostUp,0.01854974704890388,7,1.0
Kyle,Kuzma,Kyle Kuzma,615d0e4fe771e94fc0255ab5,Washington Wizards,Eastern Conference,EC,54457dce300969b132fcfb48,Southeast Division,SD,54457dd0300969b132fcfba1,Washington,WAS,54457dd3300969b132fcfe41,70,40,36,0.9,15,18,33,0.45454545454545453,0.45454545454545453,15,18,33,0.45454545454545453,0,0,0,6,1,7,3,4,17,5,6120261cea4488c9fd5c57c5,,PostUp,0.03189792663476874,103,0.8571428571428571
John,Collins,John Collins,59e63b1d44b2b8aa7e5cdddf,Atlanta Hawks,Eastern Conference,EC,54457dce300969b132fcfb48,Southeast Division,SD,54457dd0300969b132fcfba1,Atlanta,ATL,54457dd3300969b132fcfe49,63,163,149,0.9141104294478528,62,70,132,0.4696969696969697,0.4696969696969697,62,70,132,0.4696969696969697,0,0,0,25,6,31,5,14,75,18,6120261cea4488c9fd5c57c5,,PostUp,0.18397291196388263,94,0.8064516129032258
Mason,Plumlee,Mason Plumlee,615dd267e771e94fc0302667,Charlotte Hornets,Eastern Conference,EC,54457dce300969b132fcfb48,Southeast Division,SD,54457dd0300969b132fcfba1,Charlotte,CHA,54457dd3300969b132fcfe58,76,36,19,0.5277777777777778,6,11,17,0.35294117647058826,0.35294117647058826,6,11,17,0.35294117647058826,0,0,0,7,5,12,0,6,11,13,6120261cea4488c9fd5c57c5,,PostUp,0.0703125,170,0.5833333333333334
Kessler,Edwards,Kessler Edwards,615a2ab8e771e94fc0ad82b9,Brooklyn Nets,Eastern Conference,EC,54457dce300969b132fcfb48,Atlantic Division,AD,54457dd0300969b132fcfb9f,Brooklyn,BKN,54457dd3300969b132fcfe3d,54,1,0,0.0,0,1,1,0.0,0.0,0,1,1,0.0,0,0,0,0,0,0,0,0,0,0,6120261cea4488c9fd5c57c5,,PostUp,,,
Serge,Ibaka,Serge Ibaka,620b205907c7bd5c299c0b10,Milwaukee Bucks,Eastern Conference,EC,54457dce300969b132fcfb48,Central Division,CD,54457dd0300969b132fcfba0,Milwaukee,MIL,54457dd3300969b132fcfe4f,25,11,9,0.8181818181818182,4,5,9,0.4444444444444444,0.4444444444444444,4,5,9,0.4444444444444444,0,0,0,1,0,1,1,1,4,2,6120261cea4488c9fd5c57c5,,PostUp,0.08029197080291971,130,1.0
Spencer,Dinwiddie,Spencer Dinwiddie,615d0e4fe771e94fc0255ac9,Washington Wizards,Eastern Conference,EC,54457dce300969b132fcfb48,Southeast Division,SD,54457dd0300969b132fcfba1,Washington,WAS,54457dd3300969b132fcfe41,48,4,2,0.5,0,3,3,0.0,0.0,0,3,3,0.0,0,0,0,2,0,2,0,1,1,0,6120261cea4488c9fd5c57c5,,PostUp,,,1.0
Nikola,Vucevic,Nikola Vucevic,605fef725fe05a0e9f44695f,Chicago Bulls,Eastern Conference,EC,54457dce300969b132fcfb48,Central Division,CD,54457dd0300969b132fcfba0,Chicago,CHI,54457dd3300969b132fcfe4b,82,267,234,0.8764044943820225,104,109,213,0.48826291079812206,0.48826291079812206,104,109,213,0.48826291079812206,0,0,0,26,5,31,5,16,117,41,6120261cea4488c9fd5c57c5,,PostUp,0.17740863787375416,112,0.8387096774193549
Grayson,Allen,Grayson Allen,615d0caee771e94fc01cac1e,Milwaukee Bucks,Eastern Conference,EC,54457dce300969b132fcfb48,Central Division,CD,54457dd0300969b132fcfba0,Milwaukee,MIL,54457dd3300969b132fcfe4f,82,1,0,0.0,0,1,1,0.0,0.0,0,1,1,0.0,0,0,0,0,0,0,0,0,0,0,6120261cea4488c9fd5c57c5,,PostUp,,,
JT,Thor,JT Thor,615dd267e771e94fc030267e,Charlotte Hornets,Eastern Conference,EC,54457dce300969b132fcfb48,Southeast Division,SD,54457dd0300969b132fcfba1,Charlotte,CHA,54457dd3300969b132fcfe58,37,2,0,0.0,0,1,1,0.0,0.0,0,1,1,0.0,0,0,0,0,0,0,0,0,0,1,6120261cea4488c9fd5c57c5,,PostUp,,,
Danilo,Gallinari,Danilo Gallinari,5fd42b555fe05a0e9f820882,Atlanta Hawks,Eastern Conference,EC,54457dce300969b132fcfb48,Southeast Division,SD,54457dd0300969b132fcfba1,Atlanta,ATL,54457dd3300969b132fcfe49,75,141,151,1.070921985815603,50,47,97,0.5154639175257731,0.5154639175257731,50,47,97,0.5154639175257731,0,0,0,51,3,54,2,25,76,18,6120261cea4488c9fd5c57c5,,PostUp,0.1732186732186732,35,0.9444444444444444
Cade,Cunningham,Cade Cunningham,615e4bcfe771e94fc0e9eab4,Detroit Pistons,Eastern Conference,EC,54457dce300969b132fcfb48,Central Division,CD,54457dd0300969b132fcfba0,Detroit,DET,54457dd3300969b132fcfe4d,64,19,17,0.8947368421052632,8,8,16,0.5,0.5,8,8,16,0.5,0,0,0,1,0,1,1,1,8,3,6120261cea4488c9fd5c57c5,,PostUp,0.014210919970082274,107,1.0
Jabari,Parker,Jabari Parker,607b7e92e6c2413bc4e362d2,Boston Celtics,Eastern Conference,EC,54457dce300969b132fcfb48,Atlantic Division,AD,54457dd0300969b132fcfb9f,Boston,BOS,54457dd3300969b132fcfe3b,15,5,4,0.8,1,3,4,0.25,0.25,1,3,4,0.25,0,0,0,2,0,2,0,0,2,0,6120261cea4488c9fd5c57c5,,PostUp,,,1.0
Clint,Capela,Clint Capela,5e3e22ba7455336e87ada266,Atlanta Hawks,Eastern Conference,EC,54457dce300969b132fcfb48,Southeast Division,SD,54457dd0300969b132fcfba1,Atlanta,ATL,54457dd3300969b132fcfe49,79,26,24,0.9230769230769231,10,10,20,0.5,0.5,10,10,20,0.5,0,0,0,4,6,10,2,6,13,2,6120261cea4488c9fd5c57c5,,PostUp,0.03462050599201065,88,0.4
Lamar,Stevens,Lamar Stevens,5fd57d3a5fe05a0e9f5ac60e,Cleveland Cavaliers,Eastern Conference,EC,54457dce300969b132fcfb48,Central Division,CD,54457dd0300969b132fcfba0,Cleveland,CLE,54457dd3300969b132fcfe4c,68,13,6,0.46153846153846156,3,8,11,0.2727272727272727,0.2727272727272727,3,8,11,0.2727272727272727,0,0,0,0,0,0,0,0,3,2,6120261cea4488c9fd5c57c5,,PostUp,0.030660377358490566,174,
Tobias,Harris,Tobias Harris,5c5e3ba985d07ba97643717f,Philadelphia 76ers,Eastern Conference,EC,54457dce300969b132fcfb48,Atlantic Division,AD,54457dd0300969b132fcfb9f,Philadelphia,PHI,54457dd3300969b132fcfe40,86,153,151,0.9869281045751634,64,62,126,0.5079365079365079,0.5079365079365079,64,62,126,0.5079365079365079,0,0,0,23,5,28,2,13,77,14,6120261cea4488c9fd5c57c5,,PostUp,0.1074438202247191,62,0.8214285714285714
Paul,Millsap,Paul Millsap,620c692407c7bd5c29edbc9c,Philadelphia 76ers,Eastern Conference,EC,54457dce300969b132fcfb48,Atlantic Division,AD,54457dd0300969b132fcfb9f,Philadelphia,PHI,54457dd3300969b132fcfe40,10,3,4,1.3333333333333333,2,1,3,0.6666666666666666,0.6666666666666666,2,1,3,0.6666666666666666,0,0,0,0,0,0,0,0,2,0,6120261cea4488c9fd5c57c5,,PostUp,,,
Khris,Middleton,Khris Middleton,544580de300969b132fd50b6,Milwaukee Bucks,Eastern Conference,EC,54457dce300969b132fcfb48,Central Division,CD,54457dd0300969b132fcfba0,Milwaukee,MIL,54457dd3300969b132fcfe4f,70,108,102,0.9444444444444444,44,48,92,0.4782608695652174,0.4782608695652174,44,48,92,0.4782608695652174,0,0,0,14,3,17,5,10,49,10,6120261cea4488c9fd5c57c5,,PostUp,0.07831762146482958,76,0.8235294117647058
Cory,Joseph,Cory Joseph,605e8fd05fe05a0e9f707462,Detroit Pistons,Eastern Conference,EC,54457dce300969b132fcfb48,Central Division,CD,54457dd0300969b132fcfba0,Detroit,DET,54457dd3300969b132fcfe4d,69,4,2,0.5,1,2,3,0.3333333333333333,0.3333333333333333,1,2,3,0.3333333333333333,0,0,0,0,0,0,0,0,1,1,6120261cea4488c9fd5c57c5,,PostUp,,,
Evan,Mobley,Evan Mobley,615d0923e771e94fc00a6ba2,Cleveland Cavaliers,Eastern Conference,EC,54457dce300969b132fcfb48,Central Division,CD,54457dd0300969b132fcfba0,Cleveland,CLE,54457dd3300969b132fcfe4c,76,158,153,0.9683544303797469,62,61,123,0.5040650406504065,0.5040650406504065,62,61,123,0.5040650406504065,0,0,0,29,11,40,6,20,77,18,6120261cea4488c9fd5c57c5,,PostUp,0.1369150779896014,69,0.725
Scottie,Barnes,Scottie Barnes,615ba9bde771e94fc0bc4758,Toronto Raptors,Eastern Conference,EC,54457dce300969b132fcfb48,Atlantic Division,AD,54457dd0300969b132fcfb9f,Toronto,TOR,54457dd3300969b132fcfe50,83,124,113,0.9112903225806451,50,53,103,0.4854368932038835,0.4854368932038835,50,53,103,0.4854368932038835,0,0,0,13,4,17,7,11,55,16,6120261cea4488c9fd5c57c5,,PostUp,0.09748427672955975,97,0.7647058823529411
Dean,Wade,Dean Wade,5da12eb17455336e87bfe4a6,Cleveland Cavaliers,Eastern Conference,EC,54457dce300969b132fcfb48,Central Division,CD,54457dd0300969b132fcfba0,Cleveland,CLE,54457dd3300969b132fcfe4c,55,3,2,0.6666666666666666,1,1,2,0.5,0.5,1,1,2,0.5,0,0,0,0,2,2,0,1,1,0,6120261cea4488c9fd5c57c5,,PostUp,,,0.0
Danny,Green,Danny Green,5fd979f65fe05a0e9f63ab7a,Philadelphia 76ers,Eastern Conference,EC,54457dce300969b132fcfb48,Atlantic Division,AD,54457dd0300969b132fcfb9f,Philadelphia,PHI,54457dd3300969b132fcfe40,77,1,0,0.0,0,0,0,,,0,0,0,,0,0,0,0,0,0,0,0,0,1,6120261cea4488c9fd5c57c5,,PostUp,,,
Jericho,Sims,Jericho Sims,615d00e0e771e94fc0d292aa,New York Knicks,Eastern Conference,EC,54457dce300969b132fcfb48,Atlantic Division,AD,54457dd0300969b132fcfb9f,NewYork,NYK,54457dd3300969b132fcfe3e,44,3,5,1.6666666666666667,1,0,1,1.0,1.0,1,0,1,1.0,0,0,0,3,1,4,0,2,3,0,6120261cea4488c9fd5c57c5,,PostUp,,,0.75
James,Harden,James Harden,620f1ad207c7bd5c29a4b8c5,Philadelphia 76ers,Eastern Conference,EC,54457dce300969b132fcfb48,Atlantic Division,AD,54457dd0300969b132fcfb9f,Philadelphia,PHI,54457dd3300969b132fcfe40,33,1,2,2.0,0,0,0,,,0,0,0,,0,0,0,2,0,2,0,1,1,0,6120261cea4488c9fd5c57c5,,PostUp,,,1.0
Jaylen,Brown,Jaylen Brown,5776bc715762021398fe3f18,Boston Celtics,Eastern Conference,EC,54457dce300969b132fcfb48,Atlantic Division,AD,54457dd0300969b132fcfb9f,Boston,BOS,54457dd3300969b132fcfe3b,91,81,76,0.9382716049382716,29,28,57,0.5087719298245614,0.5087719298245614,29,28,57,0.5087719298245614,0,0,0,18,5,23,3,11,38,14,6120261cea4488c9fd5c57c5,,PostUp,0.03870043000477783,83,0.782608695652174
Rui,Hachimura,Rui Hachimura,5d9be6e17455336e875c33f8,Washington Wizards,Eastern Conference,EC,54457dce300969b132fcfb48,Southeast Division,SD,54457dd0300969b132fcfba1,Washington,WAS,54457dd3300969b132fcfe41,42,43,40,0.9302325581395349,17,18,35,0.4857142857142857,0.4857142857142857,17,18,35,0.4857142857142857,0,0,0,6,6,12,0,6,21,2,6120261cea4488c9fd5c57c5,,PostUp,0.09706546275395034,87,0.5
Tristan,Thompson,Tristan Thompson,62071b7a07c7bd5c29bff54e,Indiana Pacers,Eastern Conference,EC,54457dce300969b132fcfb48,Central Division,CD,54457dd0300969b132fcfba0,Indiana,IND,54457dd3300969b132fcfe4e,4,3,2,0.6666666666666666,1,1,2,0.5,0.5,1,1,2,0.5,0,0,0,0,0,0,0,0,1,1,6120261cea4488c9fd5c57c5,,PostUp,,,
Andre,Drummond,Andre Drummond,620b15cf07c7bd5c296b0b3b,Brooklyn Nets,Eastern Conference,EC,54457dce300969b132fcfb48,Atlantic Division,AD,54457dd0300969b132fcfb9f,Brooklyn,BKN,54457dd3300969b132fcfe3d,29,38,31,0.8157894736842105,13,17,30,0.43333333333333335,0.43333333333333335,13,17,30,0.43333333333333335,0,0,0,5,4,9,1,4,16,4,6120261cea4488c9fd5c57c5,,PostUp,0.12582781456953643,131,0.5555555555555556
DJ,Stewart,DJ Stewart,615baa5fe771e94fc0c75d6c,Miami Heat,Eastern Conference,EC,54457dce300969b132fcfb48,Southeast Division,SD,54457dd0300969b132fcfba1,Miami,MIA,54457dd3300969b132fcfe3c,4,2,2,1.0,1,1,2,0.5,0.5,1,1,2,0.5,0,0,0,0,0,0,0,0,1,0,6120261cea4488c9fd5c57c5,,PostUp,,,
De'Andre,Hunter,De'Andre Hunter,5d9bee7d7455336e8764a789,Atlanta Hawks,Eastern Conference,EC,54457dce300969b132fcfb48,Southeast Division,SD,54457dd0300969b132fcfba1,Atlanta,ATL,54457dd3300969b132fcfe49,62,33,29,0.8787878787878788,11,15,26,0.4230769230769231,0.4230769230769231,11,15,26,0.4230769230769231,0,0,0,7,1,8,0,2,15,3,6120261cea4488c9fd5c57c5,,PostUp,0.038018433179723504,111,0.875
Thaddeus,Young,Thaddeus Young,6205d85ddf8a6a3c1168225a,Toronto Raptors,Eastern Conference,EC,54457dce300969b132fcfb48,Atlantic Division,AD,54457dd0300969b132fcfb9f,Toronto,TOR,54457dd3300969b132fcfe50,32,9,4,0.4444444444444444,1,6,7,0.14285714285714285,0.14285714285714285,1,6,7,0.14285714285714285,0,0,0,2,0,2,0,1,2,1,6120261cea4488c9fd5c57c5,,PostUp,,,1.0
Chuma,Okeke,Chuma Okeke,5fd42b555fe05a0e9f820874,Orlando Magic,Eastern Conference,EC,54457dce300969b132fcfb48,Southeast Division,SD,54457dd0300969b132fcfba1,Orlando,ORL,54457dd3300969b132fcfe3f,70,15,11,0.7333333333333333,4,6,10,0.4,0.4,4,6,10,0.4,0,0,0,3,1,4,0,2,6,3,6120261cea4488c9fd5c57c5,,PostUp,0.022658610271903322,151,0.75
Joel,Embiid,Joel Embiid,544580d1300969b132fd482b,Philadelphia 76ers,Eastern Conference,EC,54457dce300969b132fcfb48,Atlantic Division,AD,54457dd0300969b132fcfb9f,Philadelphia,PHI,54457dd3300969b132fcfe40,80,587,617,1.051107325383305,192,200,392,0.4897959183673469,0.4897959183673469,192,200,392,0.4897959183673469,0,0,0,233,44,277,27,128,313,70,6120261cea4488c9fd5c57c5,,PostUp,0.27276951672862454,43,0.8411552346570397
Jarrett,Allen,Jarrett Allen,6008ed775fe05a0e9f9bec08,Cleveland Cavaliers,Eastern Conference,EC,54457dce300969b132fcfb48,Central Division,CD,54457dd0300969b132fcfba0,Cleveland,CLE,54457dd3300969b132fcfe4c,62,111,118,1.063063063063063,42,34,76,0.5526315789473685,0.5526315789473685,42,34,76,0.5526315789473685,0,0,0,34,8,42,2,19,62,15,6120261cea4488c9fd5c57c5,,PostUp,0.14015151515151514,37,0.8095238095238095
Kevin,Love,Kevin Love,544580db300969b132fd4f34,Cleveland Cavaliers,Eastern Conference,EC,54457dce300969b132fcfb48,Central Division,CD,54457dd0300969b132fcfba0,Cleveland,CLE,54457dd3300969b132fcfe4c,81,156,141,0.9038461538461539,47,54,101,0.46534653465346537,0.46534653465346537,47,54,101,0.46534653465346537,0,0,0,47,12,59,3,20,73,27,6120261cea4488c9fd5c57c5,,PostUp,0.15853658536585366,100,0.7966101694915254
Nick,Richards,Nick Richards,5fd582355fe05a0e9f6d194f,Charlotte Hornets,Eastern Conference,EC,54457dce300969b132fcfb48,Southeast Division,SD,54457dd0300969b132fcfba1,Charlotte,CHA,54457dd3300969b132fcfe58,54,11,14,1.2727272727272727,6,2,8,0.75,0.75,6,2,8,0.75,0,0,0,2,3,5,1,2,7,1,6120261cea4488c9fd5c57c5,,PostUp,0.0718954248366013,7,0.4
